"CASE";"SERIAL";"REF";"QUESTNNR";"MODE";"STARTED";"DDM_AV_1";"DDM_AV_2";"DDM_AV_3";"DDM_AV_4";"DDM_AV_5";"DDM_AP_1";"DDM_AP_2";"DDM_AP_3";"DDM_AP_4";"DDM_AP_5";"DDM_SI";"EL_01";"EL_02";"EL_03";"EL_04";"EL_05";"EL_06";"EL_07";"EL_08";"EL_09";"EL_10";"EL_11";"EL_12";"EL_13";"EL_14";"PE_ME1";"PE_ME2";"PE_ME3";"PE_CO1";"PE_CO2";"PE_CO3";"PE_SD1";"PE_SD2";"PE_SD3";"K";"PE_IM1";"PE_IM2";"PE_IM3";"ET";"AZ";"FK";"EN";"ALT";"WMD";"TIME001";"TIME002";"TIME003";"TIME004";"TIME005";"TIME006";"TIME_SUM";"MAILSENT";"LASTDATA";"STATUS";"FINISHED";"Q_VIEWER";"LASTPAGE";"MAXPAGE";"MISSING";"MISSREL";"TIME_RSI"
"Interview-Nummer (fortlaufend)";"Personenkennung oder Teilnahmecode (sofern verwendet)";"Referenz (sofern im Link angegeben)";"Fragebogen, der im Interview verwendet wurde";"Interview-Modus";"Zeitpunkt zu dem das Interview begonnen hat (Europe/Berlin)";"DDM-AV-AP: Ich versuche, riskante Entscheidungen zu vermeiden.";"DDM-AV-AP: Ich überlasse riskante Entscheidungen gerne anderen.";"DDM-AV-AP: Es ist mir unangenehm, Entscheidungen zu treffen, deren Folgen ich nicht absehen kann.";"DDM-AV-AP: Die Unternehmensleitung sollte alle risikoreichen Entscheidungen treffen.";"DDM-AV-AP: Ich stimme Entscheidungen grundsätzlich mit meiner Führungskraft ab.";"DDM-AV-AP: Ich treffe riskante Entscheidungen, wenn ich das Gefühl habe, dass sie richtig sind.";"DDM-AV-AP: Ich treffe Entscheidungen, auch wenn ich nicht alle Folgen vorhersehen kann.";"DDM-AV-AP: Für eine erfolgreiche Karriere muss man gelegentlich riskante Entscheidungen treffen.";"DDM-AV-AP: Um innovative Ideen zu verwirklichen, ist es wichtig, Entscheidungen zu treffen, auch wenn sie mit einem gewissen Risiko verbunden sind.";"DDM-AV-AP: Ich habe den Mut, Entscheidungen zu treffen, auch wenn sie für mich mit einem gewissen Risiko verbunden sind.";"DDM-SI: [01]";"EL: ... überträgt mir viel Verantwortung.";"EL: ... macht mich für mein eigenes Handeln verantwortlich.";"EL: ... fragt mich um Rat, wenn Entscheidungen getroffen werden.";"EL: ... bezieht meine Vorschläge und Ideen bei Entscheidungen mit ein.";"EL: ... kontrolliert viele meiner Aktivitäten.";"EL: ... ermutigt mich, die Kontrolle über meine Arbeit zu übernehmen.";"EL: ... erlaubt mir, meine eigenen Ziele zu setzen.";"EL: ... ermutigt mich, eigene Ziele zu entwickeln.";"EL: ... greift nicht ein, wenn ich Schwierigkeiten bei der Erbringung von Leistungen habe, sondern lässt mich selbstständig daran arbeiten.";"EL: ... ermutigt mich, die Ursachen und Lösungen meiner Probleme selbst zu finden.";"EL: ... fordert mich dazu auf, hohe Erwartungen an mich selbst zu haben.";"EL: ... ermutigt mich, Höchstleistungen anzustreben.";"EL: ... vertraut mir.";"EL: ... ist überzeugt von meinen Fähigkeiten.";"PE: Die Arbeit, die ich mache, ist mir sehr wichtig.";"PE: Meine beruflichen Tätigkeiten sind für mich persönlich bedeutsam.";"PE: Die Arbeit, die ich mache, bedeutet mir viel.";"PE: Ich vertraue in meine Fähigkeit, meine Arbeit gutzumachen.";"PE: Ich fühle mich selbstbewusst, wenn es darum geht, meine Arbeit zu erledigen.";"PE: Ich beherrsche die für meine Arbeit erforderlichen Fähigkeiten.";"PE: Ich kann in hohem Maße selbst bestimmen, wie ich meine Arbeit erledige.";"PE: Ich kann selbst entscheiden, wie ich meine Aufgaben angehe.";"PE: Ich verfüge über ein hohes Maß an Selbstständigkeit und Freiraum bei der Ausführung meiner Arbeit.";"PE: Bitte wählen Sie die Antwortoption ""stimme überhaupt nicht zu"" aus.";"PE: Mein Einfluss darauf, was in meiner Abteilung passiert, ist groß.";"PE: Ich habe viel Kontrolle darüber, was in meiner Abteilung geschieht.";"PE: Ich habe bedeutenden Einfluss darauf, was in meiner Abteilung passiert.";"Erwerbstätig";"Dauer wöchentliche Arbeit: [01]";"Direkter Vorgesetzter";"Entscheidungen";"Alter: Ich bin ... Jahre alt.";"Geschlecht";"Verweildauer Seite 1";"Verweildauer Seite 2";"Verweildauer Seite 3";"Verweildauer Seite 4";"Verweildauer Seite 5";"Verweildauer Seite 6";"Verweildauer gesamt (ohne Ausreißer)";"Versandzeitpunkt der Einladungsmail (nur für nicht-anonyme Adressaten)";"Zeitpunkt als der Datensatz das letzte mal geändert wurde";"Status des Interviews (Markierung)";"Wurde die Befragung abgeschlossen (letzte Seite erreicht)?";"Hat der Teilnehmer den Fragebogen nur angesehen, ohne die Pflichtfragen zu beantworten?";"Seite, die der Teilnehmer zuletzt bearbeitet hat";"Letzte Seite, die im Fragebogen bearbeitet wurde";"Anteil fehlender Antworten in Prozent";"Anteil fehlender Antworten (gewichtet nach Relevanz)";"Ausfüll-Geschwindigkeit (relativ)"
72;;;"base";"interview";2025-05-07 15:03:31;5;5;5;4;5;6;6;6;6;6;4;7;5;6;7;2;7;7;7;6;6;6;6;7;7;7;6;7;7;7;7;6;7;7;1;5;7;6;1;20;1;1;47;1;57;147;47;87;69;73;480;;2025-05-07 15:11:31;;1;0;6;6;0;0;0,76
77;;;"base";"interview";2025-05-07 15:25:18;2;1;3;3;5;2;5;6;6;6;0;7;5;6;6;1;6;6;6;5;6;5;6;7;7;7;7;7;6;7;7;7;7;7;-9;7;7;7;1;25;1;1;59;1;39;87;36;200;72;49;483;;2025-05-07 15:33:21;;1;0;6;6;2;2;0,83
84;;;"base";"interview";2025-05-07 15:59:25;6;1;6;7;7;7;7;6;7;7;;;;;;;;;;;;;;;;;;;;;;;;;;;;;;;;;;;16;186;43;;;;245;;2025-05-07 16:03:30;;0;0;3;3;9;7;0,72
86;;;"base";"interview";2025-05-07 16:05:03;6;1;7;6;6;7;7;7;7;7;10;6;4;6;6;4;6;6;6;2;6;4;4;6;6;7;7;7;6;7;7;6;6;6;6;6;6;6;1;30;2;2;47;1;25;71;81;136;105;72;490;;2025-05-07 16:13:13;;1;0;6;6;0;0;0,74
87;;;"base";"interview";2025-05-07 16:11:59;5;4;5;4;5;6;6;5;6;5;9;5;5;2;3;3;4;4;4;5;4;4;4;5;5;4;5;3;6;6;6;5;5;5;1;4;4;4;;;;;;;9;236;80;122;79;;526;;2025-05-07 16:20:45;;0;0;5;5;0;0;0,82
90;;;"base";"interview";2025-05-07 16:27:34;2;2;4;3;4;6;7;4;6;6;5;7;6;4;6;1;4;6;6;4;6;4;4;6;6;7;7;7;7;7;7;7;7;7;1;1;1;1;1;20;2;1;48;1;5;78;19;116;58;33;309;;2025-05-07 16:32:43;;1;0;6;6;0;0;1,55
94;;;"base";"interview";2025-05-07 17:08:38;6;4;6;1;5;6;7;7;7;7;1;4;7;1;5;2;6;7;5;5;6;2;7;7;6;7;7;7;7;6;7;6;6;7;1;3;2;3;1;45;1;1;19;2;6;70;23;95;54;40;288;;2025-05-07 17:13:26;;1;0;6;6;0;0;1,46
95;;;"base";"interview";2025-05-07 17:08:38;3;5;5;2;6;6;3;6;6;5;5;7;5;5;6;4;6;6;6;3;6;4;6;7;6;6;6;6;6;6;7;6;6;7;7;4;5;5;1;39;1;1;21;1;5;138;18;146;74;82;463;;2025-05-07 17:16:22;;1;0;6;6;0;0;1,26
97;;;"base";"interview";2025-05-07 18:02:20;2;3;1;3;7;6;6;6;7;6;;;;;;;;;;;;;;;;;;;;;;;;;;;;;;;;;;;8;198;139039;;;;241;;2025-05-07 18:05:46;;0;0;2;3;0;0;0,71
99;;;"base";"interview";2025-05-07 18:08:21;2;5;6;3;5;7;5;5;5;6;2;7;7;6;7;1;7;6;7;5;7;7;7;7;7;7;7;7;6;6;6;7;6;7;1;5;5;3;1;40;1;1;24;2;9;103;26;114;124;38;414;;2025-05-07 18:15:15;;1;0;6;6;0;0;1,08
100;;;"base";"interview";2025-05-07 18:27:26;6;5;6;5;6;6;3;5;5;3;2;5;6;2;3;3;6;5;4;3;6;3;4;6;6;6;6;6;6;7;6;5;6;6;1;2;4;1;2;10;2;2;67;1;30;168;38;137;155;101;629;;2025-05-07 18:37:55;;1;0;6;6;0;0;0,6
101;;;"base";"interview";2025-05-07 18:33:29;5;4;5;3;5;6;4;5;6;6;5;7;6;7;7;3;7;7;7;7;7;6;6;7;7;6;7;6;7;7;7;7;7;7;1;7;7;7;1;33;1;1;25;2;14;90;47;115;71;41;378;;2025-05-07 18:39:47;;1;0;6;6;0;0;0,98
102;;;"base";"interview";2025-05-07 18:49:43;5;6;5;3;3;6;5;4;4;3;;;;;;;;;;;;;;;;;;;;;;;;;;;;;;;;;;;68;102;2;;;;117;;2025-05-07 18:52:35;;0;0;3;3;9;7;1,38
103;;;"base";"interview";2025-05-07 18:52:53;4;5;4;3;5;5;5;5;6;5;5;7;5;5;6;3;7;7;7;4;7;7;7;7;6;7;7;7;6;6;6;7;7;7;1;3;3;4;1;40;1;1;21;1;3;77;47;123;55;31;336;;2025-05-07 18:58:29;;1;0;6;6;0;0;1,46
106;;;"base";"interview";2025-05-07 19:08:06;3;4;3;4;3;7;6;7;6;6;5;4;5;2;4;1;4;5;4;6;4;4;4;6;6;5;4;6;7;7;7;6;7;7;1;5;6;4;1;40;2;1;46;1;96;92;48;100;72;40;365;;2025-05-07 19:15:34;;1;0;6;6;0;0;0,86
107;;;"base";"interview";2025-05-07 19:27:29;4;4;1;5;4;6;7;6;5;6;;;;;;;;;;;;;;;;;;;;;;;;;;;;;;;;;;;20;117;11;32;;;180;;2025-05-07 19:30:29;;0;0;4;4;9;7;1,87
108;;;"base";"interview";2025-05-07 19:30:29;6;5;6;6;6;6;4;5;6;4;4;5;6;4;1;5;4;4;1;2;5;4;3;5;4;6;7;7;5;5;5;3;2;5;1;3;3;2;1;40;2;2;20;2;3;14;15;110;208;79;298;;2025-05-07 19:37:38;;1;0;6;6;0;0;1,7
110;;;"base";"interview";2025-05-07 20:26:04;5;3;5;2;5;5;5;6;5;4;;;;;;;;;;;;;;;;;;;;;;;;;;;;;;;;;;;12;140;40027;;;;187;;2025-05-08 07:35:43;;0;0;3;3;9;7;0,59
112;;;"base";"interview";2025-05-07 20:39:32;4;4;6;5;6;6;6;5;6;5;3;6;5;6;5;4;6;5;5;6;5;6;5;6;6;7;7;7;6;7;6;6;7;7;1;4;4;5;1;40;1;1;50;2;71;165;68;105;82;82;515;;2025-05-07 20:49:05;;1;0;6;6;0;0;0,63
113;;;"base";"interview";2025-05-07 20:48:35;7;7;7;6;7;5;2;3;6;3;8;7;7;7;7;3;7;6;7;7;6;5;7;7;7;7;7;7;7;7;7;7;7;7;1;3;6;6;1;20;1;1;59;1;41;134;50;73;70;53;421;;2025-05-07 20:55:36;;1;0;6;6;0;0;0,85
117;;;"base";"interview";2025-05-07 21:09:53;6;6;3;3;3;6;5;5;6;6;0;7;6;7;7;2;6;7;6;7;7;6;7;7;7;6;5;6;7;7;7;6;6;6;7;6;7;6;1;40;1;1;64;1;9;93;23;73;54;41;293;;2025-05-07 21:14:46;;1;0;6;6;0;0;1,33
118;;;"base";"interview";2025-05-07 21:21:48;4;5;3;5;6;7;6;7;6;6;10;7;7;7;7;7;7;7;7;7;7;7;7;7;7;7;7;7;6;5;6;7;7;7;5;7;7;7;1;40;1;1;19;1;8;48;9;66;52;31;214;;2025-05-07 21:25:22;;1;0;6;6;0;0;1,86
121;;;"base";"interview";2025-05-07 21:37:23;6;6;7;6;6;3;3;4;6;5;8;7;5;3;5;1;6;4;7;4;5;5;7;7;7;7;6;7;6;5;7;7;6;7;1;7;6;7;1;30;2;1;42;1;193;130;47;105;94;59;448;;2025-05-07 21:47:51;;1;0;6;6;0;0;0,69
126;;;"base";"interview";2025-05-07 22:34:44;6;4;5;6;6;6;4;6;6;4;3;6;6;6;7;3;5;2;5;2;6;2;5;6;6;5;5;6;7;6;6;5;4;6;4;7;5;6;1;40;2;1;50;1;27;186;27;175;145;115;607;;2025-05-07 22:45:59;;1;0;6;6;0;0;0,64
127;;;"base";"interview";2025-05-07 22:45:33;6;6;3;3;5;5;6;7;7;7;7;6;7;3;6;2;4;4;5;5;4;2;4;5;6;5;6;5;6;7;6;6;7;6;1;2;3;2;1;36;1;1;21;2;43;84;20;79;79;52;357;;2025-05-07 22:51:30;;1;0;6;6;0;0;1,06
128;;;"base";"interview";2025-05-07 22:47:33;4;3;2;5;6;7;7;7;6;7;4;7;7;5;5;5;7;7;7;7;7;7;7;6;7;7;7;7;7;7;7;7;7;7;1;7;7;7;1;40;1;1;23;2;63;82;80;171;88;114;548;;2025-05-07 22:57:31;;1;0;6;6;0;0;0,62
131;;;"base";"interview";2025-05-07 23:33:38;6;6;5;3;6;5;6;5;6;6;5;5;5;5;5;6;6;6;6;6;5;4;6;5;5;6;6;6;5;5;5;5;5;5;1;2;2;2;1;20;2;2;22;1;2;66;50;64;97;74;353;;2025-05-07 23:39:31;;1;0;6;6;0;0;1,36
132;;;"base";"interview";2025-05-07 23:59:46;6;4;6;6;3;7;1;7;7;3;4;6;6;4;5;1;4;5;4;6;4;4;5;6;6;6;6;6;7;7;7;6;6;6;1;6;5;5;1;40;1;1;40;2;6;99;56;138;88;56;443;;2025-05-08 00:07:09;;1;0;6;6;0;0;1,04
133;;;"base";"interview";2025-05-08 02:13:05;6;6;7;7;6;7;5;6;7;5;1;4;7;1;2;6;1;1;1;5;4;4;6;5;4;3;5;4;6;4;6;3;1;3;1;6;4;5;1;40;1;1;24;1;10;139;44;152;116;82;543;;2025-05-08 02:22:09;;1;0;6;6;0;0;0,78
134;;;"base";"interview";2025-05-08 05:03:50;7;6;6;6;3;6;6;6;6;5;5;6;7;2;3;6;4;3;3;4;2;5;3;4;5;2;1;1;7;6;6;2;5;2;1;2;2;3;1;35;1;1;24;2;18;84;36;85;80;41;344;;2025-05-08 05:09:34;;1;0;6;6;0;0;1,02
139;;;"base";"interview";2025-05-08 07:57:04;4;3;4;7;6;3;5;5;6;2;2;3;7;3;3;4;1;4;4;5;5;4;4;4;4;6;3;4;7;7;7;5;5;6;1;1;3;1;1;14;1;1;44;1;40;77;35;85;72;49;358;;2025-05-08 08:03:02;;1;0;6;6;0;0;0,97
140;;;"base";"interview";2025-05-08 08:52:35;6;7;7;7;6;2;3;3;6;2;;3;3;2;5;2;6;6;4;5;6;1;4;6;6;2;2;3;6;7;7;6;6;6;1;2;1;1;1;40;1;1;52;2;81;218;111;107;121;53;547;;2025-05-08 09:04:06;;1;0;6;6;2;2;0,56
142;;;"base";"interview";2025-05-08 09:10:51;6;2;5;3;5;7;6;7;6;6;2;7;4;7;7;2;7;7;6;5;5;7;5;7;7;6;6;7;7;6;6;7;7;7;1;6;7;6;1;39;1;1;23;2;80;597;45;111;90;66;423;;2025-05-08 09:27:22;;1;0;6;6;0;0;0,59
146;;;"base";"interview";2025-05-08 09:22:40;3;2;5;5;6;6;6;6;6;7;0;5;3;6;6;3;6;5;6;5;5;3;6;5;5;7;6;7;6;6;6;6;6;6;1;5;6;6;1;18;1;1;50;1;19;145;54;105;98;51;472;;2025-05-08 09:30:32;;1;0;6;6;0;0;0,78
148;;;"base";"interview";2025-05-08 09:43:25;5;4;6;3;5;6;6;7;7;5;;;;;;;;;;;;;;;;;;;;;;;;;;;;;;;;;;;52;115;25;;;;192;;2025-05-08 09:46:37;;0;0;3;3;9;7;0,83
150;;;"base";"interview";2025-05-08 10:52:17;5;4;5;5;2;6;7;3;6;6;7;5;4;6;7;2;6;5;3;6;4;3;3;6;6;4;2;4;7;6;5;6;6;6;1;6;5;4;1;35;1;1;36;2;1388;396;146;218;2098;37;478;;2025-05-08 12:03:40;;1;0;6;6;0;0;0,38
152;;;"base";"interview";2025-05-08 11:32:14;7;7;5;4;3;5;5;5;7;2;0;4;4;4;4;4;4;2;3;3;4;4;4;6;4;7;7;7;6;7;6;5;6;5;4;1;2;1;1;33;2;1;40;1;49;214;38;119;137;40;597;;2025-05-08 11:42:11;;1;0;6;6;0;0;0,7
153;;;"base";"interview";2025-05-08 11:32:25;3;3;5;3;5;6;3;6;5;6;6;6;5;2;5;5;6;5;6;5;6;6;6;6;6;7;7;7;7;6;6;5;3;5;1;4;3;3;1;33;2;1;50;1;165;108;60;125;129;132;482;;2025-05-08 11:44:24;;1;0;6;6;0;0;0,55
154;;;"base";"interview";2025-05-08 12:06:20;5;6;7;7;7;5;5;6;6;5;6;7;6;5;6;3;5;5;6;6;3;6;5;6;6;5;6;6;7;7;6;5;6;6;1;5;3;3;1;8;1;1;21;1;22;47;38;44;60;32;243;;2025-05-08 12:10:23;;1;0;6;6;0;0;1,44
155;;;"base";"interview";2025-05-08 12:12:21;5;5;6;6;5;6;7;5;5;5;;6;6;6;6;5;6;6;7;5;5;3;5;6;7;7;7;7;7;7;6;6;7;6;1;6;6;6;1;30;1;1;46;1;8;65;1440;60;59;37;264;;2025-05-08 12:40:10;;1;0;6;6;2;2;1,23
156;;;"base";"interview";2025-05-08 12:15:15;3;4;6;5;3;7;5;5;5;5;3;;;;;;;;;;;;;;;7;6;5;5;5;5;5;5;3;1;1;3;1;;;;;;;25;69;46;72;;;212;;2025-05-08 12:18:47;;0;0;4;4;0;0;1,02
160;;;"base";"interview";2025-05-08 13:19:56;5;5;3;6;6;6;6;6;6;6;5;3;5;6;6;2;6;6;6;4;4;5;5;5;5;2;4;2;6;6;6;5;6;6;1;2;2;2;1;20;1;1;20;2;65;62;25;142;63;43;348;;2025-05-08 13:26:36;;1;0;6;6;0;0;1,03
161;;;"base";"interview";2025-05-08 13:35:47;6;3;6;6;5;3;2;5;3;5;10;;;;;;;;;;;;;;;7;7;7;7;6;7;5;5;6;1;4;4;5;;;;;;;7;113;39;130;;;289;;2025-05-08 13:40:36;;0;0;4;4;0;0;1,1
162;;;"base";"interview";2025-05-08 13:44:36;3;5;5;3;4;5;2;7;7;5;2;;;;;;;;;;;;;;;-9;-9;-9;-9;-9;-9;-9;-9;-9;-9;-9;-9;-9;;;;;;;570;151;55;62;;;281;;2025-05-08 13:58:34;;0;0;4;4;54;55;0,73
166;;;"base";"interview";2025-05-08 16:01:07;3;3;3;2;3;6;6;3;3;6;9;;;;;;;;;;;;;;;;;;;;;;;;;;;;;;;;;;8;98;17;;;;123;;2025-05-08 16:03:10;;0;0;3;3;0;0;1,56
170;;;"base";"interview";2025-05-08 17:15:46;5;5;5;4;5;5;5;6;6;4;4;6;5;5;5;4;5;6;6;4;6;4;5;5;5;4;4;4;4;3;5;5;5;4;1;4;4;4;1;39;1;1;22;1;25;116;77;1139;99;79;496;;2025-05-08 17:41:22;;1;0;6;6;0;0;0,55
173;;;"base";"interview";2025-05-08 17:51:22;5;6;6;6;6;5;5;5;4;5;1;4;6;1;3;6;5;2;2;2;2;6;5;5;5;6;6;6;6;5;7;2;2;1;1;1;1;1;1;10;1;2;21;2;7;164;61;167;101;177;547;;2025-05-08 18:02:40;;1;0;6;6;0;0;0,78
187;;;"base";"interview";2025-05-08 18:03:11;5;5;5;5;6;6;5;7;5;4;6;5;5;5;6;3;5;3;3;3;4;3;4;7;6;5;6;5;6;5;7;4;5;6;1;5;2;2;1;10;1;2;29;2;10;252;18;200;73;44;597;;2025-05-08 18:13:08;;1;0;6;6;0;0;1,04
188;;;"base";"interview";2025-05-08 18:04:44;4;2;6;5;2;5;2;4;6;5;0;4;4;4;4;4;6;4;4;6;6;4;4;6;5;6;6;6;6;6;6;6;6;6;1;6;6;6;1;40;1;1;62;2;64;178;20;84;79;49;423;;2025-05-08 18:12:38;;1;0;6;6;0;0;0,94
189;;;"base";"interview";2025-05-08 18:09:22;4;3;3;6;5;5;7;6;5;7;;;;;;;;;;;;;;;;;;;;;;;;;;;;;;;;;;;24;199;233388;;;;258;;2025-05-08 18:13:05;;0;0;2;3;0;0;0,34
194;;;"base";"interview";2025-05-08 18:25:06;5;6;6;7;5;6;4;6;6;5;5;6;4;4;4;4;1;1;1;5;4;4;4;7;6;6;6;4;7;7;6;7;7;5;1;4;4;6;1;39;1;1;25;2;25;115;44;100;83;39;406;;2025-05-08 18:31:52;;1;0;6;6;0;0;0,88
196;;;"base";"interview";2025-05-08 18:30:41;5;3;6;5;5;6;5;6;6;5;;;;;;;;;;;;;;;;;;;;;;;;;;;;;;;;;;;18;111;;;;;129;;2025-05-08 18:32:50;;0;0;2;2;0;0;0,8
197;;;"base";"interview";2025-05-08 18:39:25;2;3;3;2;2;7;3;7;7;7;;7;7;6;6;7;7;4;4;7;4;6;4;7;6;7;5;7;7;7;7;7;7;7;1;6;6;6;1;50;1;1;38;2;7;89;51;100;76;48;371;;2025-05-08 18:45:36;;1;0;6;6;2;2;1,11
198;;;"base";"interview";2025-05-08 18:41:47;3;3;5;3;5;6;6;5;6;6;;;;;;;;;;;;;;;;;;;;;;;;;;;;;;;;;;;71;247;147;;;;295;;2025-05-08 18:49:32;;0;0;3;3;9;7;0,27
199;;;"base";"interview";2025-05-08 18:49:34;3;5;5;3;3;5;6;6;6;6;;;;;;;;;;;;;;;;;;;;;;;;;;;;;;;;;;;8;111;598;;;;154;;2025-05-08 18:52:14;;0;0;3;3;9;7;0,86
200;;;"base";"interview";2025-05-08 18:53:34;3;3;5;3;3;6;6;6;6;6;;6;3;6;6;3;6;6;5;6;6;3;6;6;6;7;7;6;6;6;6;7;7;7;1;6;3;7;1;50;1;1;61;2;8;90;18;148;129;63;456;;2025-05-08 19:01:10;;1;0;6;6;2;2;1,11
201;;;"base";"interview";2025-05-08 18:57:49;6;6;6;3;5;5;3;4;6;3;3;6;4;3;5;5;5;3;4;5;5;4;5;6;5;5;5;4;3;3;5;5;5;6;4;6;6;6;1;20;1;1;22;1;88;129;112;136;108;89;510;;2025-05-08 19:08:51;;1;0;6;6;0;0;0,53
202;;;"base";"interview";2025-05-08 19:06:42;7;2;6;7;6;7;6;5;5;7;0;7;7;6;7;5;4;4;6;7;7;4;6;7;7;7;6;7;7;7;7;7;7;7;4;7;5;7;;;;;;;37;136;38;148;132;;491;;2025-05-08 19:14:53;;0;0;5;5;0;0;0,65
203;;;"base";"interview";2025-05-08 19:09:50;5;7;5;6;6;5;3;4;7;3;10;5;2;3;3;2;5;6;2;5;4;2;1;1;5;3;5;4;3;3;3;5;6;2;1;1;1;1;1;40;1;2;23;1;6;72;54;103;111;38;384;;2025-05-08 19:16:14;;1;0;6;6;0;0;1,18
209;;;"base";"interview";2025-05-08 19:39:57;5;6;7;7;7;3;3;6;7;3;;;;;;;;;;;;;;;;;;;;;;;;;;;;;;;;;;;31;162;41;;;;234;;2025-05-08 19:43:51;;0;0;3;3;9;7;0,63
211;;;"base";"interview";2025-05-08 19:43:55;6;6;6;6;7;6;3;3;6;5;0;7;5;6;6;3;6;7;7;5;7;1;1;7;7;7;7;7;7;7;7;6;7;7;1;3;4;1;1;18;1;1;59;1;5;267;25;252;98;69;395;;2025-05-08 19:55:51;;1;0;6;6;0;0;1,04
212;;;"base";"interview";2025-05-08 20:02:50;5;5;2;3;5;6;6;5;6;6;;3;6;1;2;6;5;5;5;2;3;6;4;5;5;5;6;5;6;6;6;5;5;6;1;3;3;2;1;40;1;1;21;2;4;186;6;137;131;49;513;;2025-05-08 20:11:23;;1;0;6;6;2;2;1,47
215;;;"base";"interview";2025-05-08 20:12:04;6;6;6;5;6;6;6;4;6;3;;;;;;;;;;;;;;;;;;;;;;;;;;;;;;;;;;;4;55;8111;;;;94;;2025-05-08 22:28:14;;0;0;3;3;0;0;1,6
217;;;"base";"interview";2025-05-08 21:38:03;2;1;1;6;5;6;7;7;6;7;0;6;6;4;5;7;6;6;6;4;3;6;6;6;6;7;6;6;6;7;6;5;6;6;1;5;6;6;1;40;1;1;45;1;11;51;25;51;45;39;222;;2025-05-08 21:41:45;;1;0;6;6;0;0;1,56
222;;;"base";"interview";2025-05-08 23:49:24;3;3;3;2;1;7;7;6;5;7;5;5;7;2;3;7;2;1;1;2;2;1;4;5;6;2;3;2;7;7;7;2;2;3;1;1;3;1;2;10;2;2;22;1;26;111;49;111;62;47;406;;2025-05-08 23:56:10;;1;0;6;6;0;0;0,87
229;;;"base";"interview";2025-05-09 10:02:16;5;4;7;3;5;7;5;6;7;6;5;7;6;6;5;3;6;6;6;5;7;5;6;7;7;6;7;7;5;5;6;6;7;6;1;6;5;6;1;42;1;1;52;1;29;84;43;198;97;58;509;;2025-05-09 10:10:45;;1;0;6;6;0;0;0,76
234;;;"base";"interview";2025-05-09 12:30:13;4;5;7;3;6;5;5;7;7;6;;5;6;3;5;3;5;5;4;4;5;4;4;5;6;4;6;4;6;5;6;3;5;3;1;5;4;5;1;37;1;1;21;1;52;110;54;148;147;57;568;;2025-05-09 12:39:41;;1;0;6;6;2;2;0,63
235;;;"base";"interview";2025-05-09 13:04:28;4;4;4;6;5;5;6;6;6;6;3;7;4;5;5;5;5;5;5;5;5;4;5;6;7;6;6;6;6;6;6;5;5;6;1;5;6;6;1;15;2;1;49;1;6;273;66;98;80;79;427;;2025-05-09 13:14:30;;1;0;6;6;0;0;0,94
237;;;"base";"interview";2025-05-09 15:32:53;5;6;7;6;6;5;3;6;6;3;2;6;5;6;6;6;5;6;6;3;6;5;6;6;6;7;7;7;6;5;6;2;6;6;1;3;3;3;1;39;2;1;21;1;79;221;161;196;93;126;605;;2025-05-09 15:47:29;;1;0;6;6;0;0;0,42
241;;;"base";"interview";2025-05-09 23:07:16;5;5;5;5;7;6;3;6;6;5;5;3;3;3;5;3;3;5;4;5;5;2;4;5;5;5;6;5;5;4;5;5;6;5;1;2;4;2;1;5;1;1;22;1;141;247;104;237;175;93;702;;2025-05-09 23:23:53;;1;0;6;6;0;0;0,37
242;;;"base";"interview";2025-05-10 14:58:21;5;5;6;6;6;6;6;5;4;3;0;1;6;2;2;6;1;2;2;2;2;2;3;1;2;4;5;5;7;6;7;6;6;7;1;5;5;2;2;30;1;2;59;1;9;84;34;107;59;49;342;;2025-05-10 15:04:04;;1;0;6;6;0;0;1,14
243;;;"base";"interview";2025-05-10 15:05:05;4;2;5;4;2;5;6;6;6;5;3;7;6;7;7;3;6;5;6;5;7;6;6;6;6;7;6;6;6;6;6;6;5;6;4;6;6;6;1;40;1;1;56;1;21;179;31;154;102;52;539;;2025-05-10 15:14:04;;1;0;6;6;0;0;0,77
245;;;"base";"interview";2025-05-10 23:35:01;4;5;6;3;4;6;5;6;7;3;;4;6;5;6;5;7;6;6;6;7;5;5;5;5;6;6;5;6;6;6;6;6;6;1;2;4;4;1;11;1;1;20;1;12;98;46;99;68;66;389;;2025-05-10 23:41:30;;1;0;6;6;2;2;0,95
246;;;"base";"interview";2025-05-11 07:25:51;3;3;5;3;6;5;5;4;5;5;0;5;5;5;5;5;3;3;4;6;5;4;5;5;5;5;3;3;6;6;5;6;6;6;1;2;2;2;1;40;1;1;57;2;28;127;102;180;105;83;625;;2025-05-11 07:36:16;;1;0;6;6;0;0;0,57
249;;;"base";"interview";2025-05-12 16:43:10;1;2;2;7;5;7;6;7;6;7;5;7;7;1;1;3;7;7;1;7;7;7;7;7;7;7;7;7;7;7;7;4;7;7;1;7;7;7;1;75;1;1;58;1;599;187;86;144;201;56;563;;2025-05-12 17:04:24;;1;0;6;6;0;0;0,48
252;;;"base";"interview";2025-05-12 17:55:55;4;3;5;5;6;6;5;6;6;5;2;5;6;5;6;5;5;6;6;3;5;6;6;6;6;5;6;6;6;5;6;4;3;3;1;4;3;3;1;20;1;1;23;1;44;70;48;85;63;63;373;;2025-05-12 18:02:08;;1;0;6;6;0;0;0,93
253;;;"base";"interview";2025-05-12 18:42:07;3;3;3;3;3;7;7;5;6;6;3;7;7;6;7;1;7;7;7;6;7;6;6;7;7;7;7;7;7;7;7;6;7;7;1;4;5;5;1;19;1;1;54;1;17;90;49;80;62;43;341;;2025-05-12 18:47:48;;1;0;6;6;0;0;1,02
256;;;"base";"interview";2025-05-12 19:14:37;6;3;6;6;5;5;3;6;6;5;;;;;;;;;;;;;;;;;;;;;;;;;;;;;;;;;;;28;173;;;;;201;;2025-05-12 19:17:58;;0;0;2;2;0;0;0,52
261;;;"base";"interview";2025-05-12 20:03:31;4;4;6;3;6;4;6;7;5;7;;6;4;5;6;2;5;6;7;3;6;5;5;6;5;1;5;4;5;4;4;4;5;3;4;5;3;5;1;40;1;1;21;2;139;109;31;109;71;49;382;;2025-05-12 20:11:59;;1;0;6;6;2;2;0,85
262;;;"base";"interview";2025-05-12 21:50:13;2;5;6;3;7;6;5;6;6;6;;6;5;5;5;4;6;5;6;4;6;3;7;6;6;7;6;7;6;6;7;5;2;5;1;4;6;2;1;28;1;1;54;1;23;143;78;128;122;80;574;;2025-05-12 21:59:48;;1;0;6;6;2;2;0,62
265;;;"base";"interview";2025-05-13 13:45:02;2;1;3;6;7;7;7;6;6;6;2;6;5;6;6;3;7;5;6;7;3;5;3;7;7;7;7;7;7;7;7;7;7;7;1;7;7;7;1;40;2;1;53;1;33;216;52;108;156;99;664;;2025-05-13 13:56:06;;1;0;6;6;0;0;0,57
272;;;"base";"interview";2025-05-13 19:28:27;4;3;6;3;6;6;6;5;6;5;0;5;5;6;6;2;4;6;3;5;3;4;4;6;6;6;5;6;6;6;6;6;7;7;1;6;5;5;1;39;1;1;47;2;11;61;49;76;47;33;277;;2025-05-13 19:33:04;;1;0;6;6;0;0;1,31
273;;;"base";"interview";2025-05-13 21:27:27;5;4;4;4;6;5;6;6;5;3;;;;;;;;;;;;;;;;;;;;;;;;;;;;;;;;;;;5;109;22;;;;136;;2025-05-13 21:29:43;;0;0;3;3;9;7;1,7
276;;;"base";"interview";2025-05-13 22:14:28;7;4;4;4;7;2;1;4;3;4;;;;;;;;;;;;;;;;7;6;6;7;6;6;7;7;7;4;6;7;7;;;;;;;22;352;52;189;;;361;;2025-05-13 22:24:43;;0;0;4;4;4;3;0,52
279;;;"base";"interview";2025-05-14 08:19:43;3;2;5;5;3;6;6;6;6;6;2;6;3;6;6;3;4;7;6;2;5;4;5;6;6;6;4;6;6;6;6;7;7;7;1;7;7;7;1;55;2;1;40;2;12;95;4876;89;79;47;357;;2025-05-14 09:46:21;;1;0;6;6;0;0;0,87
280;;;"base";"interview";2025-05-14 08:29:46;3;3;5;6;3;6;6;6;7;5;2;7;6;2;5;1;7;7;7;6;7;7;7;7;7;7;7;7;7;7;7;7;7;7;1;5;5;5;1;40;1;1;64;1;4;97;50;87;68;70;376;;2025-05-14 08:36:02;;1;0;6;6;0;0;1,28
281;;;"base";"interview";2025-05-14 08:35:01;7;3;6;6;7;3;6;5;6;6;5;6;6;7;6;6;6;7;7;6;7;7;7;7;6;7;7;7;6;7;6;7;7;7;-9;6;6;6;1;16;1;1;72;1;100;131;52;153;98;87;534;;2025-05-14 08:45:22;;1;0;6;6;2;2;0,59
282;;;"base";"interview";2025-05-14 10:00:00;5;4;2;5;6;5;6;6;6;5;;7;6;6;6;4;6;5;5;6;6;6;5;6;7;6;5;6;6;6;7;7;7;7;6;6;5;6;1;32;1;1;57;2;23;181;53;119;119;73;568;;2025-05-14 10:09:28;;1;0;6;6;2;2;0,65
283;;;"base";"interview";2025-05-14 11:22:34;6;4;6;7;7;6;6;6;6;6;;7;6;6;7;3;6;6;6;6;6;6;6;7;7;7;6;7;7;6;7;7;7;7;1;6;6;7;1;40;1;1;51;1;12;158;33;144;119;87;553;;2025-05-14 11:31:47;;1;0;6;6;2;2;0,77
284;;;"base";"interview";2025-05-14 12:22:44;5;5;1;7;7;6;5;6;3;6;;;;;;;;;;;;;;;;;;;;;;;;;;;;;;;;;;;21;89;90;;;;200;;2025-05-14 12:26:04;;0;0;3;3;9;7;0,7
287;;;"base";"interview";2025-05-14 14:58:55;6;3;7;4;3;5;6;7;6;5;2;6;5;4;6;5;5;4;2;3;2;2;2;2;4;5;4;6;6;6;7;6;6;6;1;5;5;3;1;8;1;1;22;2;51;141;161;160;72;103;562;;2025-05-14 15:10:23;;1;0;6;6;0;0;0,55
289;;;"base";"interview";2025-05-14 15:01:46;5;6;7;6;6;5;5;6;5;4;6;4;5;2;6;6;3;4;3;4;4;4;4;2;3;5;5;5;6;5;6;5;5;5;1;2;2;2;1;12;1;1;21;2;39;86;36;118;126;101;506;;2025-05-14 15:10:13;;1;0;6;6;0;0;0,73
291;;;"base";"interview";2025-05-14 15:36:35;5;1;3;3;5;6;6;7;7;7;;;;;;;;;;;;;;;;;;;;;;;;;;;;;;;;;;;44;131;39;;;;214;;2025-05-14 15:40:10;;0;0;3;3;9;7;0,65
294;;;"base";"interview";2025-05-14 16:49:28;5;4;6;6;6;7;6;7;7;6;5;6;6;4;3;3;6;4;6;6;4;6;5;6;7;7;7;6;7;6;7;6;6;5;1;3;3;3;1;39;2;1;46;1;10;176;33;777;102;45;466;;2025-05-14 17:08:31;;1;0;6;6;0;0;0,81
296;;;"base";"interview";2025-05-14 19:27:44;7;2;7;2;7;7;7;7;6;7;2;4;7;3;2;7;2;1;1;2;1;7;7;2;3;7;5;7;7;7;5;7;7;7;1;2;6;1;1;40;2;2;49;1;13;120;55;122;94;41;445;;2025-05-14 19:35:09;;1;0;6;6;0;0;0,87
297;;;"base";"interview";2025-05-14 19:35:16;5;5;5;7;5;7;6;6;6;6;5;5;6;5;5;5;4;4;3;6;5;4;3;1;3;4;5;4;6;6;6;5;5;6;1;5;3;3;1;39;2;1;36;1;7;104;28;132;141;43;455;;2025-05-14 19:42:51;;1;0;6;6;0;0;1,07
298;;;"base";"interview";2025-05-14 19:36:28;2;2;4;5;5;6;3;4;6;6;2;6;4;7;6;2;6;6;6;4;7;4;7;7;6;6;7;6;7;6;7;6;6;6;1;7;6;6;1;38;1;1;47;2;10;97;38;100;120;34;399;;2025-05-14 19:43:07;;1;0;6;6;0;0;1,04
299;;;"base";"interview";2025-05-14 19:48:49;5;5;5;6;6;4;5;6;6;6;;5;6;3;2;6;4;5;2;6;4;4;4;6;4;6;6;7;6;7;5;6;5;6;1;4;4;4;1;35;1;1;60;1;28;74;50;75;79;58;364;;2025-05-14 19:54:53;;1;0;6;6;2;2;0,93
300;;;"base";"interview";2025-05-14 20:15:19;4;3;2;7;5;6;5;3;4;6;4;6;6;6;6;1;5;7;7;6;6;2;3;6;5;7;5;7;6;6;6;6;7;6;1;6;7;6;1;36;1;1;46;1;5;82;27;81;94;28;317;;2025-05-14 20:20:36;;1;0;6;6;0;0;1,47
302;;;"base";"interview";2025-05-14 20:50:28;6;5;5;3;4;6;5;6;6;3;6;5;5;4;4;3;5;4;4;3;5;4;5;5;5;4;3;3;4;5;5;6;5;3;1;2;2;2;1;15;2;2;22;1;5;82;33;94;60;32;306;;2025-05-14 20:55:35;;1;0;6;6;0;0;1,44
303;;;"base";"interview";2025-05-14 20:51:20;7;7;6;6;6;5;5;6;7;5;3;2;3;3;2;2;5;6;3;6;3;3;3;5;5;3;3;3;6;3;6;5;6;6;1;2;3;2;1;20;2;1;26;1;57;83;36;78;79;35;368;;2025-05-14 20:57:28;;1;0;6;6;0;0;1
305;;;"base";"interview";2025-05-14 21:00:24;3;3;3;2;3;5;6;5;6;6;0;5;5;2;3;2;4;6;5;2;5;4;5;5;6;6;6;6;6;5;6;3;5;3;1;2;2;2;1;39;1;2;24;1;316;143;46;87;99;74;462;;2025-05-14 21:13:09;;1;0;6;6;0;0;0,67
308;;;"base";"interview";2025-05-15 08:55:24;3;4;2;5;5;5;5;6;6;6;6;5;5;3;3;3;4;4;3;4;3;3;3;4;5;5;5;5;5;3;6;5;5;3;5;5;3;6;1;40;1;1;26;1;3;106;31;66;43;29;278;;2025-05-15 09:00:03;;1;0;6;6;0;0;1,66
325;;;"base";"interview";2025-05-15 22:49:01;4;2;3;6;3;7;6;7;5;7;4;7;4;6;5;2;7;7;4;6;1;3;4;7;6;4;5;4;7;7;7;7;7;7;1;6;6;7;1;35;1;1;56;2;24;285;174;177;173;65;476;;2025-05-15 23:03:59;;1;0;6;6;0;0;0,47
326;;;"base";"interview";2025-05-15 23:46:27;6;6;5;6;7;7;6;6;6;6;;5;7;6;3;6;5;4;5;5;5;7;6;5;5;7;7;7;7;7;6;3;3;5;1;3;5;5;1;30;1;1;52;1;11;81;24;117;106;72;411;;2025-05-15 23:53:18;;1;0;6;6;2;2;1,01
411;;;"base";"interview";2025-05-16 08:34:26;6;3;5;5;2;6;3;5;3;5;3;5;6;2;4;6;6;5;5;5;5;5;3;5;5;6;5;5;6;3;5;3;3;5;1;3;5;5;1;40;1;1;39;2;11;441;27;101;75;41;353;;2025-05-16 08:46:03;;1;0;6;6;0;0;0,98
428;;;"base";"interview";2025-05-16 10:13:15;2;2;1;1;5;1;6;4;5;7;4;2;5;2;2;2;5;2;2;2;5;5;2;5;5;3;2;3;5;3;3;2;2;2;3;2;2;2;1;36;1;1;33;2;4;123;6;47;21;21;222;;2025-05-16 10:16:57;;1;0;6;6;0;0;2,36
431;;;"base";"interview";2025-05-16 12:24:29;3;2;4;6;6;3;6;5;7;6;1;6;5;3;5;2;6;6;6;6;6;6;5;6;5;6;6;6;6;6;6;6;6;6;1;6;5;6;1;38;1;1;39;2;18;150;64;82;76;70;460;;2025-05-16 12:32:09;;1;0;6;6;0;0;0,8
438;;;"base";"interview";2025-05-16 22:51:18;4;3;4;4;5;7;6;6;6;6;;;;;;;;;;;;;;;;;;;;;;;;;;;;;;;;;;;5;89;9;;;;103;;2025-05-16 22:53:01;;0;0;3;3;9;7;2,23
448;;;"base";"interview";2025-05-17 11:34:31;6;4;6;6;6;5;2;5;5;3;5;6;6;2;5;5;5;3;3;4;4;6;5;5;4;4;5;5;6;6;6;5;6;5;1;3;2;2;1;38;1;1;37;2;18;134;67;164;125;50;558;;2025-05-17 11:43:49;;1;0;6;6;0;0;0,69
452;;;"base";"interview";2025-05-17 15:06:32;6;4;6;4;5;6;6;6;6;6;3;4;6;2;2;7;5;4;4;3;5;5;3;6;5;4;3;4;6;5;4;4;4;4;1;3;4;3;1;35;2;1;22;1;5;148;47;149;247;86;512;;2025-05-17 15:17:54;;1;0;6;6;0;0;0,92
459;;;"base";"interview";2025-05-17 17:49:38;3;3;4;7;6;7;5;7;5;5;3;5;5;6;5;3;5;5;3;5;3;5;5;5;5;6;5;5;7;6;7;6;6;6;4;6;6;5;1;40;1;1;42;1;26;63;27;270;63;33;312;;2025-05-17 17:57:40;;1;0;6;6;0;0;1,06
461;;;"base";"interview";2025-05-17 22:57:47;4;2;6;7;6;7;6;7;6;5;7;6;5;5;7;3;5;5;4;5;6;3;5;7;5;4;5;4;6;5;5;5;6;5;1;6;5;6;3;10;1;1;18;1;14;254;19;185;118;85;675;;2025-05-17 23:09:02;;1;0;6;6;0;0;0,82
463;;;"base";"interview";2025-05-18 16:04:39;3;4;6;6;6;5;5;6;6;5;5;6;6;6;6;6;6;6;6;5;5;6;6;6;7;6;6;6;6;6;5;6;5;6;1;6;5;6;1;40;1;1;39;1;11;65;16;82;42;23;239;;2025-05-18 16:08:39;;1;0;6;6;0;0;1,66
512;;;"base";"interview";2025-05-19 12:10:46;6;1;6;5;6;6;5;6;6;6;3;5;5;6;6;3;6;6;6;6;6;5;4;7;6;5;5;6;6;6;6;6;7;7;1;5;5;5;1;40;2;1;27;1;10;76;43;62;44;29;264;;2025-05-19 12:15:10;;1;0;6;6;0;0;1,4
515;;;"base";"interview";2025-05-21 02:01:02;5;1;2;3;6;7;6;7;6;2;5;6;2;2;5;7;5;3;5;5;5;5;6;4;5;7;7;3;7;7;6;5;2;7;1;6;3;2;2;40;2;1;25;1;4;81;19;114;241;56;351;;2025-05-21 02:09:38;;1;0;6;6;0;0;1,35
517;;;"base";"interview";2025-05-21 14:41:18;5;5;5;7;6;5;3;4;5;2;5;3;3;3;4;5;3;4;3;4;3;3;4;4;4;4;4;4;5;4;4;3;5;5;1;3;4;3;2;20;1;1;30;1;2;247;16;37;27;29;358;;2025-05-21 14:47:16;;1;0;6;6;0;0;2,12
520;;;"base";"interview";2025-05-22 12:29:24;6;5;7;7;7;6;4;4;5;5;;3;5;1;3;7;5;3;3;1;4;5;4;6;5;6;4;6;6;4;7;2;2;2;1;1;1;2;1;25;2;2;48;1;6;92;11;85;87;43;324;;2025-05-22 12:34:48;;1;0;6;6;2;2;1,56
522;;;"base";"interview";2025-05-22 13:29:20;5;5;6;7;3;6;4;4;5;3;;;;;;;;;;;;;;;;;;;;;;;;;;;;;;;;;;;13;98;2;;;;113;;2025-05-22 13:31:13;;0;0;3;3;9;7;1,67
525;;;"base";"interview";2025-05-22 14:54:02;6;6;6;7;6;4;7;4;4;4;0;6;6;5;5;4;6;6;6;4;6;6;6;6;7;7;6;7;7;7;7;6;7;6;1;4;4;4;1;40;1;1;45;1;10;87;26;60;66;40;289;;2025-05-22 14:58:51;;1;0;6;6;0;0;1,3
542;;;"base";"interview";2025-05-23 08:27:27;2;3;5;3;5;7;5;4;6;6;5;6;4;5;6;2;6;6;6;5;5;4;4;6;6;6;6;6;5;6;6;6;6;6;1;6;6;6;1;35;1;1;45;1;41;88;31;93;95;42;390;;2025-05-23 08:33:57;;1;0;6;6;0;0;0,93
554;;;"base";"interview";2025-05-23 14:33:26;4;2;2;5;5;6;7;5;5;7;2;5;6;5;6;5;3;6;3;4;2;3;1;6;5;7;6;6;7;7;7;3;5;6;1;5;5;5;1;41;1;1;26;2;1090;104;48;73;46;30;314;;2025-05-23 14:56:37;;1;0;6;6;0;0;1,05
555;;;"base";"interview";2025-05-23 14:45:16;7;5;6;4;7;2;5;4;6;2;2;6;7;1;3;2;7;6;2;6;4;5;6;5;4;5;6;4;4;3;5;7;6;7;1;7;6;7;1;20;1;1;22;1;27;128;88;135;106;48;532;;2025-05-23 14:54:08;;1;0;6;6;0;0;0,68
556;;;"base";"interview";2025-05-23 14:59:16;7;7;7;7;7;5;3;3;6;3;8;6;7;1;1;7;1;1;1;4;3;6;6;1;1;4;7;2;5;4;7;3;1;1;1;1;1;1;1;40;1;1;36;1;37;95;57;104;87;38;418;;2025-05-23 15:06:14;;1;0;6;6;0;0;0,85
561;;;"base";"interview";2025-05-23 19:04:32;1;3;2;2;3;7;7;6;7;7;2;6;7;6;7;3;7;6;7;6;5;4;7;6;7;7;7;7;6;7;7;6;5;7;1;5;5;5;1;40;1;1;38;2;21;73;38;89;64;47;332;;2025-05-23 19:10:04;;1;0;6;6;0;0;1,03
563;;;"base";"interview";2025-05-23 19:39:29;6;4;5;3;3;6;5;4;5;6;;6;5;1;1;6;2;3;4;3;3;6;4;2;3;7;7;2;3;3;7;1;2;2;1;2;1;1;1;40;2;1;23;1;6;75;4;69;61;27;242;;2025-05-23 19:43:31;;1;0;6;6;2;2;1,82
565;;;"base";"interview";2025-05-23 21:07:39;5;6;6;6;5;6;6;6;6;6;9;6;4;6;6;2;7;6;6;5;6;4;4;7;7;5;6;5;6;6;5;6;5;6;1;6;4;5;2;30;1;1;28;2;5;55;17;77;65;46;265;;2025-05-23 21:12:04;;1;0;6;6;0;0;1,66
566;;;"base";"interview";2025-05-23 21:47:39;5;3;5;2;3;6;6;6;6;6;5;5;6;2;3;5;6;4;5;4;5;4;5;5;6;6;7;5;7;6;6;5;5;6;1;3;3;3;1;39;1;1;30;1;22;83;66;118;96;37;422;;2025-05-23 21:54:41;;1;0;6;6;0;0;0,87
572;;;"base";"interview";2025-05-25 14:33:59;6;6;6;7;6;3;1;3;6;3;1;5;5;1;5;7;6;2;3;5;5;2;5;6;6;6;6;6;6;6;6;5;5;6;2;2;2;3;1;26;2;2;47;1;9;87;28;69;61;26;280;;2025-05-25 14:38:39;;1;0;6;6;0;0;1,39
573;;;"base";"interview";2025-05-25 16:05:13;5;5;5;5;6;6;3;5;6;6;0;6;6;6;6;5;6;5;6;5;6;6;6;7;7;6;6;6;6;6;6;5;6;5;1;5;5;5;1;40;1;1;50;2;13;61;30;68;70;33;275;;2025-05-25 16:09:48;;1;0;6;6;0;0;1,29
574;;;"base";"interview";2025-05-25 18:34:22;6;7;7;7;6;5;5;4;4;3;8;2;6;1;1;6;3;5;1;3;2;4;2;5;5;5;5;5;5;5;6;3;2;3;1;1;2;2;1;20;1;1;19;1;20;66;59;76;55;26;302;;2025-05-25 18:39:25;;1;0;6;6;0;0;1,21
581;;;"base";"interview";2025-05-25 21:09:01;3;6;5;6;6;6;6;6;6;7;2;7;6;6;5;5;6;6;6;6;6;6;7;7;6;7;6;6;6;6;7;6;6;6;1;6;6;6;1;38;1;1;36;1;2;128;23;122;69;55;399;;2025-05-25 21:15:40;;1;0;6;6;0;0;1,35
587;;;"base";"interview";2025-05-26 16:27:31;3;4;2;5;5;6;7;6;7;6;3;7;6;7;7;2;7;7;7;6;7;5;6;7;7;7;6;7;7;7;6;7;6;7;1;6;6;6;1;20;1;1;33;2;14;47;35;54;44;53;247;;2025-05-26 16:31:39;;1;0;6;6;0;0;1,42
611;;;"base";"interview";2025-05-26 19:52:59;4;5;3;5;6;5;5;5;5;5;3;3;5;1;3;6;4;4;3;4;4;4;4;6;5;4;4;4;6;5;7;5;5;3;1;2;3;3;1;40;1;1;26;1;5;54;19;74;58;31;241;;2025-05-26 19:57:00;;1;0;6;6;0;0;1,74
616;;;"base";"interview";2025-05-26 22:21:11;7;7;7;7;7;7;1;7;7;7;;;;;;;;;;;;;;;;;;;;;;;;;;;;;;;;;;;5;120;2;;;;127;;2025-05-26 22:23:18;;0;0;3;3;9;7;2,14
618;;;"base";"interview";2025-05-26 22:23:46;7;7;7;7;7;1;1;7;7;1;;7;7;1;7;1;7;7;7;1;1;1;7;7;7;7;7;7;7;7;7;7;7;7;1;7;7;7;1;30;1;1;54;1;10;59;6;95;90;63;323;;2025-05-26 22:29:09;;1;0;6;6;2;2;1,43
636;;;"base";"interview";2025-05-27 08:18:42;5;6;3;6;6;3;5;6;6;5;;;;;;;;;;;;;;;;;;;;;;;;;;;;;;;;;;;36;140;46;;;;222;;2025-05-27 08:22:24;;0;0;3;3;9;7;0,61
641;;;"base";"interview";2025-05-27 12:41:55;5;4;6;3;3;6;5;5;6;6;0;6;6;5;6;3;4;3;3;4;5;2;2;6;6;6;6;6;6;7;6;6;6;6;1;6;4;6;2;20;1;1;58;1;18;171;25;107;95;40;456;;2025-05-27 12:49:32;;1;0;6;6;0;0;0,94
647;;;"base";"interview";2025-05-27 13:36:47;4;5;5;3;6;6;3;6;6;5;;;;;;;;;;;;;;;;;;;;;;;;;;;;;;;;;;;23;62;;;;;85;;2025-05-27 13:38:13;;0;0;2;2;0;0;1,07
654;;;"base";"interview";2025-05-27 18:20:26;2;1;2;2;2;7;6;5;7;7;;7;7;7;7;2;6;7;7;5;5;5;7;7;7;7;7;7;7;7;7;6;7;5;1;7;7;7;1;40;1;1;56;2;112;65;31;53;76;24;262;;2025-05-27 18:26:27;;1;0;6;6;2;2;1,27
682;;;"base";"interview";2025-05-27 18:56:55;3;4;3;2;3;5;6;6;6;6;7;4;4;4;3;2;5;6;2;5;4;3;3;4;5;5;4;4;5;6;5;6;6;6;1;5;5;5;1;38;1;1;41;2;38;121;34;162;96;51;502;;2025-05-27 19:05:17;;1;0;6;6;0;0;0,75
687;;;"base";"interview";2025-05-27 19:00:50;6;5;5;5;5;6;2;6;5;3;3;3;5;4;4;4;5;4;6;6;6;3;6;3;6;5;3;4;5;6;5;6;5;4;1;1;1;1;1;40;1;2;28;1;26;53;26;67;54;32;258;;2025-05-27 19:05:08;;1;0;6;6;0;0;1,35
693;;;"base";"interview";2025-05-27 19:03:18;5;2;6;3;5;3;2;6;6;5;0;6;5;7;6;3;6;6;7;6;6;6;6;6;6;7;7;6;6;6;6;6;6;6;1;6;6;7;1;39;1;1;56;1;26;72;25;87;60;34;304;;2025-05-27 19:08:22;;1;0;6;6;0;0;1,18
710;;;"base";"interview";2025-05-27 19:12:49;2;3;3;3;5;7;7;6;7;6;2;5;7;7;7;3;6;7;6;5;6;7;6;7;6;7;7;7;6;6;7;7;7;7;1;6;6;6;1;38;1;1;40;2;75;121;91;197;144;105;671;;2025-05-27 19:25:02;;1;0;6;6;0;0;0,48
711;;;"base";"interview";2025-05-27 19:13:00;5;1;1;5;5;7;7;7;7;7;3;7;7;5;5;2;7;7;6;7;7;7;7;7;6;7;7;7;7;7;7;7;7;7;1;7;7;7;1;45;2;1;29;1;26;77;41;67;56;39;306;;2025-05-27 19:18:06;;1;0;6;6;0;0;1,12
713;;;"base";"interview";2025-05-27 19:15:39;3;5;6;4;6;6;3;4;6;6;2;6;5;3;6;6;6;4;4;2;4;6;2;7;6;6;6;6;6;6;5;6;5;7;1;6;5;6;1;32;1;1;33;2;141;75;42;77;73;37;317;;2025-05-27 19:23:04;;1;0;6;6;0;0;0,97
718;;;"base";"interview";2025-05-27 19:17:38;5;4;6;5;6;6;3;4;4;5;2;7;7;2;5;3;6;3;3;7;7;3;2;6;5;6;6;6;6;5;5;3;6;6;1;7;6;7;1;35;2;1;38;1;5;194;36;79;55;21;390;;2025-05-27 19:24:09;;1;0;6;6;0;0;1,5
719;;;"base";"interview";2025-05-27 19:18:00;7;7;4;7;7;6;3;3;3;5;0;7;5;7;6;3;7;7;7;5;7;7;7;7;6;7;7;7;7;7;7;7;7;7;1;4;4;4;1;25;2;1;27;1;4;60;14;58;67;29;232;;2025-05-27 19:21:52;;1;0;6;6;0;0;1,94
725;;;"base";"interview";2025-05-27 19:21:06;4;4;3;4;4;5;4;1;4;5;;;;;;;;;;;;;;;;;;;;;;;;;;;;;;;;;;;11;58;;;;;69;;2025-05-27 19:22:15;;0;0;2;2;0;0;1,44
737;;;"base";"interview";2025-05-27 19:24:23;2;2;7;1;3;7;1;6;6;7;0;;;;;;;;;;;;;;;7;6;7;7;7;7;7;7;7;-9;6;6;6;;;;;;;15;75;14;70;;;174;;2025-05-27 19:27:17;;0;0;4;4;4;4;1,52
741;;;"base";"interview";2025-05-27 19:24:48;7;3;7;3;4;7;3;7;6;2;6;6;5;5;7;4;6;6;5;4;6;6;5;6;7;6;7;6;7;6;7;4;3;5;3;5;7;6;1;35;2;1;52;2;7;186;34;150;84;66;527;;2025-05-27 19:33:35;;1;0;6;6;0;0;0,95
750;;;"base";"interview";2025-05-27 19:29:14;5;5;6;4;5;5;6;4;6;6;6;6;7;6;6;4;6;6;6;5;6;6;6;6;6;7;6;7;6;5;7;4;6;5;1;5;5;6;1;48;1;1;41;1;16;76;25;73;59;32;281;;2025-05-27 19:33:55;;1;0;6;6;0;0;1,27
761;;;"base";"interview";2025-05-27 19:39:27;2;2;1;4;3;6;6;6;6;6;;;;;;;;;;;;;;;;;;;;;;;;;;;;;;;;;;;10;54;;;;;64;;2025-05-27 19:40:31;;0;0;2;2;0;0;1,56
762;;;"base";"interview";2025-05-27 19:39:34;3;4;3;5;5;6;5;6;7;6;;;;;;;;;;;;;;;;;;;;;;;;;;;;;;;;;;;2;85;;;;;87;;2025-05-27 19:41:01;;0;0;2;2;0;0;2,08
764;;;"base";"interview";2025-05-27 19:43:04;7;7;7;5;5;1;2;7;6;1;3;4;2;3;5;3;5;5;5;3;6;2;4;5;5;7;6;7;5;6;6;6;6;7;1;3;4;5;1;35;2;1;42;1;3;57;36;73;70;23;262;;2025-05-27 19:47:26;;1;0;6;6;0;0;1,7
767;;;"base";"interview";2025-05-27 19:48:42;3;4;6;4;6;6;5;7;6;7;4;7;7;5;6;7;5;6;4;3;6;7;7;7;7;6;6;6;7;7;6;6;6;7;1;6;5;5;1;49;2;1;34;2;9;311;104;162;159;68;531;;2025-05-27 20:02:15;;1;0;6;6;0;0;0,65
770;;;"base";"interview";2025-05-27 19:55:23;2;4;5;7;6;5;6;6;7;5;5;6;5;5;6;6;5;6;6;2;5;6;5;4;6;5;5;5;5;5;6;5;6;5;1;7;6;6;1;38;1;1;36;2;8;1084;15;62;41;34;258;;2025-05-27 20:16:07;;1;0;6;6;0;0;1,49
772;;;"base";"interview";2025-05-27 19:59:34;4;7;2;6;7;2;2;5;5;6;;;;;;;;;;;;;;;;;;;;;;;;;;;;;;;;;;;6;95;;;;;101;;2025-05-27 20:01:15;;0;0;2;2;0;0;1,6
774;;;"base";"interview";2025-05-27 20:03:30;5;3;5;5;5;3;5;7;7;7;2;6;4;5;6;3;4;7;4;6;5;4;2;6;6;6;6;7;7;7;6;7;7;7;1;6;7;7;1;40;2;1;34;2;38;115;41;83;66;40;383;;2025-05-27 20:09:53;;1;0;6;6;0;0;0,93
775;;;"base";"interview";2025-05-27 20:08:03;7;7;4;6;7;3;5;7;6;5;6;;;;;;;;;;;;;;;;;;;;;;;;;;;;;;;;;;26;101;26;;;;153;;2025-05-27 20:10:36;;0;0;3;3;0;0;0,94
776;;;"base";"interview";2025-05-27 20:11:28;3;4;4;6;5;6;5;6;5;5;4;6;5;5;6;3;5;6;5;4;5;5;6;6;7;7;7;7;6;6;7;6;5;6;1;4;4;5;2;8;1;1;39;2;35;70;26;52;57;50;290;;2025-05-27 20:16:18;;1;0;6;6;0;0;1,22
778;;;"base";"interview";2025-05-27 20:18:40;1;2;6;4;3;7;1;7;7;6;3;7;4;7;5;1;7;7;7;7;6;4;7;7;7;4;7;4;7;7;7;7;7;7;1;6;7;6;1;40;1;1;24;1;6;89;36;122;91;34;378;;2025-05-27 20:24:58;;1;0;6;6;0;0;1,21
783;;;"base";"interview";2025-05-27 20:25:07;7;6;7;7;7;5;6;7;7;6;;4;7;4;5;6;7;6;7;6;7;7;7;6;6;7;7;7;7;6;7;6;7;6;6;4;4;4;1;10;2;1;36;1;4;92;8;109;47;29;289;;2025-05-27 20:29:56;;1;0;6;6;2;2;1,87
787;;;"base";"interview";2025-05-27 20:34:36;3;2;1;7;1;7;2;7;7;7;;1;7;1;1;7;1;1;1;1;1;1;1;4;2;5;3;5;7;7;7;7;7;7;7;1;1;1;1;50;2;2;27;2;5;74;11;75;65;37;267;;2025-05-27 20:39:03;;1;0;6;6;2;2;1,78
798;;;"base";"interview";2025-05-27 21:14:44;-9;-9;-9;-9;-9;-9;-9;-9;-9;-9;;;;;;;;;;;;;;;;;;;;;;;;;;;;;;;;;;;9;160475;;;;;107;;2025-05-29 17:49:28;;0;0;2;2;100;100;0,72
803;;;"base";"interview";2025-05-27 21:21:03;5;3;4;6;5;5;6;4;5;5;5;6;4;6;6;2;5;7;7;4;6;7;7;7;6;7;7;7;6;7;6;7;6;7;1;5;4;6;1;39;1;1;29;1;14;88;59;97;95;37;390;;2025-05-27 21:27:33;;1;0;6;6;0;0;0,96
816;;;"base";"interview";2025-05-27 21:49:01;5;5;6;5;3;5;6;5;5;6;2;;;;;;;;;;;;;;;5;3;5;5;3;5;6;6;5;1;6;6;6;;;;;;;18;73;22;86;;;199;;2025-05-27 21:52:20;;0;0;4;4;0;0;1,2
819;;;"base";"interview";2025-05-27 22:06:47;7;5;6;3;6;7;6;7;7;7;;;;;;;;;;;;;;;;;;;;;;;;;;;;;;;;;;;5;82;6;;;;93;;2025-05-27 22:08:20;;0;0;3;3;9;7;2,27
828;;;"base";"interview";2025-05-27 22:40:04;4;3;3;4;2;7;6;7;7;6;2;7;7;7;7;2;7;7;7;7;7;6;6;7;7;7;7;7;7;7;7;7;7;7;1;6;7;7;1;40;1;1;49;1;12;73;19;53;52;34;243;;2025-05-27 22:44:07;;1;0;6;6;0;0;1,5
830;;;"base";"interview";2025-05-27 22:54:47;1;1;1;2;2;6;7;7;4;7;3;7;6;7;7;1;6;5;5;7;5;7;7;7;7;6;7;6;7;7;7;6;7;6;1;7;7;7;1;40;1;1;32;2;6;89;24;50;66;49;284;;2025-05-27 22:59:31;;1;0;6;6;0;0;1,47
832;;;"base";"interview";2025-05-27 23:23:29;3;5;5;6;6;5;5;6;6;5;5;5;6;3;6;2;6;5;5;6;6;5;5;6;6;6;6;6;7;6;6;6;6;7;1;5;6;5;1;30;1;1;49;1;14;52;12;54;58;38;228;;2025-05-27 23:27:17;;1;0;6;6;0;0;1,69
833;;;"base";"interview";2025-05-27 23:24:27;-9;-9;-9;-9;-9;-9;-9;-9;-9;-9;;;;;;;;;;;;;;;;;;;;;;;;;;;;;;;;;;;16;29;;;;;45;;2025-05-27 23:25:12;;0;0;2;2;100;100;1,91
836;;;"base";"interview";2025-05-28 00:12:39;7;5;7;5;5;5;5;5;5;5;;;;;;;;;;;;;;;;;;;;;;;;;;;;;;;;;;;138;150;;;;;163;;2025-05-28 00:17:27;;0;0;2;2;0;0;0,37
882;;;"base";"interview";2025-05-28 09:01:16;3;4;6;6;6;5;5;7;6;6;;7;6;5;6;3;6;6;4;6;6;4;4;6;6;6;6;6;7;6;6;7;7;7;1;6;4;5;1;40;1;1;32;2;15;90;17;93;62;32;309;;2025-05-28 09:06:25;;1;0;6;6;2;2;1,3
886;;;"base";"interview";2025-05-28 09:25:56;5;5;3;3;6;6;5;6;6;3;5;5;5;5;6;4;5;6;6;4;5;6;6;6;6;5;6;5;6;6;6;5;5;5;1;3;3;3;2;39;1;1;20;2;68;239;102;268;182;126;578;;2025-05-28 09:42:21;;1;0;6;6;0;0;0,35
887;;;"base";"interview";2025-05-28 09:28:23;5;7;6;6;6;6;5;6;5;6;3;5;4;6;6;3;6;6;6;3;6;6;5;6;6;6;6;6;6;6;6;5;6;6;1;5;5;6;1;39;1;1;20;1;8;228;70;751;164;146;617;;2025-05-28 09:51:10;;1;0;6;6;0;0;0,58
892;;;"base";"interview";2025-05-28 09:55:10;2;4;2;5;3;7;7;7;4;6;;7;6;6;7;3;7;7;7;5;7;5;7;7;7;7;6;7;6;7;7;6;5;4;1;4;3;4;1;39;1;1;21;1;4;534;19;261;155;124;423;;2025-05-28 10:13:27;;1;0;6;6;2;2;1,05
893;;;"base";"interview";2025-05-28 09:55:31;2;4;3;5;3;5;6;6;6;5;2;7;4;6;6;4;6;6;5;6;6;5;5;7;7;3;3;3;5;6;6;4;5;3;1;5;2;3;1;39;1;1;20;1;11;261;79;162;231;54;481;;2025-05-28 10:08:49;;1;0;6;6;0;0;0,64
898;;;"base";"interview";2025-05-28 10:15:46;3;2;2;2;6;6;6;6;6;6;;6;6;6;6;2;6;6;6;2;6;6;6;6;6;6;6;6;6;6;6;6;6;6;1;6;6;6;1;40;1;1;35;1;5;49;5;44;42;30;175;;2025-05-28 10:18:41;;1;0;6;6;2;2;2,21
918;;;"base";"interview";2025-05-28 13:44:02;5;2;6;5;2;6;5;5;5;5;1;7;7;3;3;7;5;5;5;6;6;5;6;5;5;7;5;6;7;6;7;7;5;5;1;6;5;6;1;55;1;1;50;1;8;119;50;69;70;31;347;;2025-05-28 13:49:49;;1;0;6;6;0;0;1,2
922;;;"base";"interview";2025-05-28 14:07:25;6;5;5;6;3;5;6;5;7;5;;6;5;5;5;3;4;5;4;3;4;3;4;6;6;6;4;6;5;5;6;7;6;6;1;5;4;4;1;34;1;1;47;1;29;100;43;105;88;57;422;;2025-05-28 14:14:28;;1;0;6;6;2;2;0,81
964;;;"base";"interview";2025-05-28 18:55:06;1;1;2;2;2;7;7;7;6;7;0;7;7;7;7;1;6;7;6;4;4;6;5;7;7;7;7;7;6;7;7;7;6;7;1;7;7;7;1;40;1;1;41;2;12;110;33;55;60;50;320;;2025-05-28 19:00:26;;1;0;6;6;0;0;1,18
965;;;"base";"interview";2025-05-28 19:06:07;5;5;5;7;4;6;6;5;6;6;;;;;;;;;;;;;;;;;;;;;;;;;;;;;;;;;;;8;68;25;;;;101;;2025-05-28 19:07:48;;0;0;3;3;9;7;1,49
971;;;"base";"interview";2025-05-28 20:04:22;3;3;2;4;6;6;3;6;5;6;;1;4;1;2;7;3;3;2;4;2;2;2;2;5;5;5;4;7;5;7;4;3;5;1;3;2;1;1;40;2;2;26;2;4;61;10;101;58;45;279;;2025-05-28 20:09:01;;1;0;6;6;2;2;1,83
972;;;"base";"interview";2025-05-28 20:10:19;5;5;4;2;5;6;7;5;6;6;;;;;;;;;;;;;;;;;;;;;;;;;;;;;;;;;;;17;87;22;;;;126;;2025-05-28 20:12:25;;0;0;3;3;9;7;1,16
973;;;"base";"interview";2025-05-28 20:13:02;4;6;3;2;5;6;5;4;6;6;;6;3;6;7;4;6;7;7;7;6;5;3;7;6;7;7;7;7;6;6;7;7;7;1;5;4;5;1;15;2;1;48;1;13;83;7;103;139;40;385;;2025-05-28 20:19:27;;1;0;6;6;2;2;1,31
975;;;"base";"interview";2025-05-28 20:33:56;6;2;4;4;4;5;6;3;3;6;3;7;6;6;6;4;4;5;5;6;4;4;5;6;6;6;6;7;7;7;6;7;6;6;-9;7;7;6;1;40;1;1;49;2;81;135;67;133;99;60;507;;2025-05-28 20:43:31;;1;0;6;6;2;2;0,62
997;;;"base";"interview";2025-05-29 00:20:03;5;5;6;4;5;6;5;5;5;5;;4;6;4;4;4;4;4;4;3;4;5;4;5;5;6;6;4;5;5;6;5;5;6;1;3;4;3;2;30;2;1;43;1;6;90;21;109;92;65;383;;2025-05-29 00:26:27;;1;0;6;6;2;2;1,23
1037;;;"base";"interview";2025-05-29 12:42:23;3;3;5;5;6;6;5;5;6;5;;;;;;;;;;;;;;;;;;;;;;;;;;;;;;;;;;;4;52;15;;;;71;;2025-05-29 12:43:34;;0;0;3;3;9;7;2,41
1048;;;"base";"interview";2025-05-29 16:27:49;6;5;6;7;6;5;3;3;4;3;10;6;6;6;5;2;7;6;7;5;7;5;7;6;7;7;7;7;6;5;5;7;7;7;1;5;5;6;1;20;1;1;18;1;14;46;23;54;63;29;229;;2025-05-29 16:31:38;;1;0;6;6;0;0;1,54
1054;;;"base";"interview";2025-05-29 17:31:23;7;2;2;4;2;7;6;7;7;7;2;5;7;2;5;6;4;4;2;2;5;4;2;6;6;5;7;7;6;7;7;7;7;6;1;7;6;7;1;38;1;1;23;2;3;69;27;54;77;68;298;;2025-05-29 17:36:21;;1;0;6;6;0;0;1,54
1060;;;"base";"interview";2025-05-29 18:29:40;3;6;5;5;6;6;3;5;3;6;3;6;3;6;5;5;6;6;6;6;6;5;3;7;6;5;5;5;6;5;6;5;6;6;1;5;3;3;1;40;2;1;27;1;17;112;14;63;70;27;303;;2025-05-29 18:34:43;;1;0;6;6;0;0;1,43
1061;;;"base";"interview";2025-05-29 18:35:23;6;6;6;6;7;5;2;7;6;5;8;6;6;3;6;3;6;6;6;3;6;6;6;6;6;5;5;5;5;5;7;5;5;6;1;5;3;5;1;42;1;1;23;1;11;131;30;85;123;87;467;;2025-05-29 18:43:10;;1;0;6;6;0;0;0,91
1063;;;"base";"interview";2025-05-29 18:35:53;3;2;3;6;6;6;4;6;5;5;3;6;5;6;6;5;6;6;6;6;6;6;6;7;7;6;7;6;7;6;7;6;6;6;1;6;6;6;1;40;1;1;29;1;10;88;34;99;67;98;396;;2025-05-29 18:42:29;;1;0;6;6;0;0;1,01
1064;;;"base";"interview";2025-05-29 18:37:59;5;4;5;7;5;5;6;5;6;5;0;7;4;6;6;2;4;4;4;4;4;4;4;7;5;4;3;5;7;4;7;6;7;6;1;5;5;5;2;40;1;1;29;1;5;83;30;67;56;34;275;;2025-05-29 18:42:34;;1;0;6;6;0;0;1,53
1065;;;"base";"interview";2025-05-29 18:40:53;1;3;2;1;3;7;7;7;6;6;;7;6;7;5;5;4;4;4;2;2;2;4;5;6;7;7;7;7;6;7;6;6;7;1;6;6;6;1;40;1;1;51;1;27;110;28;85;87;42;379;;2025-05-29 18:47:13;;1;0;6;6;2;2;0,97
1092;;;"base";"interview";2025-05-29 23:24:31;1;1;2;2;2;7;7;6;5;7;1;6;6;6;5;6;4;4;3;2;3;2;3;5;6;7;7;7;6;7;7;6;5;7;1;6;7;7;1;40;1;1;29;2;8;65;30;58;63;41;265;;2025-05-29 23:28:56;;1;0;6;6;0;0;1,4
1164;;;"base";"interview";2025-05-30 16:50:23;4;3;5;7;4;6;6;6;5;6;;;;;;;;;;;;;;;;;;;;;;;;;;;;;;;;;;;3;81;15;;;;99;;2025-05-30 16:52:03;;0;0;3;3;9;7;2,18
1173;;;"base";"interview";2025-05-30 20:23:45;2;1;3;2;3;6;7;6;6;7;;6;6;5;4;6;7;5;3;1;2;2;6;6;6;6;6;7;7;7;7;7;6;7;1;6;6;6;1;40;1;1;26;1;7;70;59;52;64;50;302;;2025-05-30 20:28:47;;1;0;6;6;2;2;1,32
1203;;;"base";"interview";2025-05-31 07:13:29;7;7;7;7;5;5;6;7;7;5;2;7;1;1;4;1;6;7;7;5;5;3;4;7;7;7;7;6;5;6;7;7;7;7;1;5;7;7;1;130;2;1;34;1;4;112;41;81;74;86;398;;2025-05-31 07:20:07;;1;0;6;6;0;0;1,26
1224;;;"base";"interview";2025-05-31 11:59:29;1;3;2;2;2;7;7;6;7;7;3;6;6;5;5;4;6;5;4;2;3;3;3;7;6;7;6;6;7;7;7;6;6;6;1;7;6;6;1;40;1;1;22;2;3;68;24;49;62;43;249;;2025-05-31 12:03:38;;1;0;6;6;0;0;1,71
1238;;;"base";"interview";2025-05-31 16:13:27;4;5;3;6;4;7;6;2;7;6;2;6;7;3;7;5;7;6;3;2;6;7;7;7;6;6;6;4;7;7;7;7;7;3;7;5;5;2;1;40;1;1;34;2;11;71;18;89;42;42;273;;2025-05-31 16:18:00;;1;0;6;6;0;0;1,43
1293;;;"base";"interview";2025-06-01 09:35:13;3;3;4;7;6;6;6;6;6;6;2;7;6;6;7;2;7;6;7;6;7;7;7;7;7;7;7;7;7;7;7;6;7;6;1;6;6;6;1;40;2;1;51;1;4;98;6965;187;182;217;448;;2025-06-01 11:42:47;;1;0;6;6;0;0;0,86
1306;;;"base";"interview";2025-06-01 16:32:40;3;4;6;3;3;7;5;6;6;5;;;;;;;;;;;;;;;;;;;;;;;;;;;;;;;;;;;1;55;0;;;;56;;2025-06-01 16:33:36;;0;0;2;3;0;0;2,59
1397;;;"base";"interview";2025-06-02 20:00:41;7;6;7;7;7;7;6;6;5;5;8;7;6;7;7;3;7;6;6;7;7;3;6;6;7;7;7;7;7;6;6;6;6;7;1;6;6;6;1;38;1;1;36;1;18;62;183;96;100;40;351;;2025-06-02 20:09:00;;1;0;6;6;0;0;0,91
1398;;;"base";"interview";2025-06-02 20:01:20;5;7;6;5;5;3;4;6;6;3;3;6;4;5;6;2;6;5;5;5;4;4;5;6;6;6;6;6;7;7;7;7;6;6;1;5;4;4;1;40;2;1;34;1;3;72;47;83;66;56;327;;2025-06-02 20:06:47;;1;0;6;6;0;0;1,39
1399;;;"base";"interview";2025-06-02 20:05:14;7;7;6;7;7;5;5;5;6;2;10;6;7;1;5;5;6;3;6;6;5;6;6;2;2;3;3;6;5;2;5;2;6;5;1;5;5;5;2;40;1;1;27;1;20;152;18;82;46;23;341;;2025-06-02 20:10:55;;1;0;6;6;0;0;1,36
1404;;;"base";"interview";2025-06-02 20:18:56;3;6;7;6;6;5;6;6;6;6;3;4;4;5;5;4;5;6;6;6;4;3;5;6;6;1;2;1;6;6;6;6;6;6;1;6;5;6;1;41;1;1;41;1;63;157;64;147;117;92;590;;2025-06-02 20:29:36;;1;0;6;6;0;0;0,54
1405;;;"base";"interview";2025-06-02 20:22:56;4;5;6;3;7;7;5;6;6;5;5;3;7;2;3;6;2;2;2;5;4;6;3;2;5;2;2;2;6;4;6;3;2;2;1;1;2;2;1;40;1;2;24;1;27;145;38;55;52;40;357;;2025-06-02 20:28:53;;1;0;6;6;0;0;1,09
1406;;;"base";"interview";2025-06-02 20:42:32;5;3;4;2;4;7;5;6;6;6;8;6;6;6;6;2;6;6;7;3;6;6;5;6;7;7;7;7;7;7;7;6;6;7;1;5;5;6;1;20;1;1;47;1;4;83;33;62;57;37;276;;2025-06-02 20:47:08;;1;0;6;6;0;0;1,58
1407;;;"base";"interview";2025-06-02 20:42:34;7;3;6;3;4;4;5;2;5;3;3;5;5;5;5;3;7;7;7;5;7;3;5;7;7;7;5;7;7;7;7;7;7;7;1;3;5;5;1;15;2;1;29;1;95;265;89;142;99;56;497;;2025-06-02 20:55:00;;1;0;6;6;0;0;0,54
1408;;;"base";"interview";2025-06-02 20:48:24;7;7;7;3;6;2;3;6;6;2;9;4;4;3;5;2;7;5;3;5;4;3;3;5;4;6;6;6;3;5;5;6;5;6;1;6;6;6;1;46;1;1;28;2;2;48;16;50;50;25;191;;2025-06-02 20:51:35;;1;0;6;6;0;0;2,11
1411;;;"base";"interview";2025-06-02 21:09:11;5;4;5;5;5;7;6;7;6;6;6;5;6;1;1;7;2;2;2;3;5;6;6;1;3;6;6;6;6;6;6;5;5;5;1;2;1;2;1;40;1;1;31;1;3;100;23;71;64;25;286;;2025-06-02 21:13:57;;1;0;6;6;0;0;1,66
1418;;;"base";"interview";2025-06-02 21:37:11;3;2;3;2;3;7;7;6;6;7;1;6;6;5;6;5;6;5;5;2;4;4;4;6;7;7;7;7;7;6;7;6;5;5;1;6;6;7;1;20;1;1;26;2;9;63;24;44;63;33;236;;2025-06-02 21:41:07;;1;0;6;6;0;0;1,56
1463;;;"base";"interview";2025-06-03 16:01:36;6;3;4;6;5;3;4;5;5;5;0;6;5;4;6;2;6;6;6;6;6;2;6;7;6;2;2;2;6;6;7;6;6;7;1;5;5;5;1;40;2;1;35;1;149;154;86;107;68;72;500;;2025-06-03 16:12:12;;1;0;6;6;0;0;0,64
1466;;;"base";"interview";2025-06-03 16:19:38;-9;-9;-9;-9;-9;-9;-9;-9;-9;-9;;;;;;;;;;;;;;;;;;;;;;;;;;;;;;;;;;;85;11;;;;;24;;2025-06-03 16:21:14;;0;0;2;2;100;100;1,58
1480;;;"base";"interview";2025-06-03 19:50:52;2;4;5;6;6;6;5;6;6;6;5;7;6;6;6;3;6;4;4;5;6;6;6;6;6;7;6;6;6;6;5;6;6;6;1;7;6;6;1;44;1;1;31;2;28;111;31;110;77;46;403;;2025-06-03 19:57:35;;1;0;6;6;0;0;0,9
1488;;;"base";"interview";2025-06-03 21:45:13;4;3;7;2;5;5;5;6;5;5;2;6;7;6;6;2;7;7;6;6;6;5;6;6;7;7;6;7;7;7;7;7;7;7;7;7;6;7;1;40;1;1;34;2;4;81;28;107;85;39;344;;2025-06-03 21:50:57;;1;0;6;6;0;0;1,42
1491;;;"base";"interview";2025-06-03 21:53:35;2;3;5;2;6;6;6;5;6;6;;;;;;;;;;;;;;;;;;;;;;;;;;;;;;;;;;;5;183;4;;;;192;;2025-06-03 21:56:43;;0;0;2;3;0;0;2,05
1492;;;"base";"interview";2025-06-03 21:53:46;7;1;7;3;7;7;3;6;3;3;;;;;;;;;;;;;;;;-9;-9;-9;-9;-9;-9;-9;-9;-9;-9;-9;-9;-9;;;;;;;5;333;44;11;;;158;;2025-06-03 22:00:19;;0;0;4;4;58;58;1,67
1494;;;"base";"interview";2025-06-03 22:00:28;6;3;7;3;6;6;3;7;7;7;;;;;;;;;;;;;;;;7;7;7;7;7;7;7;7;7;1;7;7;7;;;;;;;5;139;13;153;;;310;;2025-06-03 22:05:38;;0;0;4;4;4;3;1,66
1497;;;"base";"interview";2025-06-03 22:07:52;6;3;7;5;7;7;2;7;7;7;;6;6;5;5;3;6;6;6;6;5;5;5;6;6;7;7;7;7;7;7;7;7;7;1;7;7;7;1;10;1;1;63;1;13;125;18;222;106;51;535;;2025-06-03 22:16:47;;1;0;6;6;2;2;0,97
1504;;;"base";"interview";2025-06-03 23:03:36;2;3;4;3;6;6;5;6;3;7;;5;5;6;1;7;1;6;1;5;5;5;1;6;5;7;1;4;1;6;3;1;1;1;1;1;2;1;1;41;1;1;18;2;17;192;12;121;101;50;493;;2025-06-03 23:11:49;;1;0;6;6;2;2;1,12
1506;;;"base";"interview";2025-06-04 00:07:17;3;3;3;3;3;6;6;6;6;7;0;5;7;4;5;3;5;5;4;3;3;3;6;6;6;7;7;7;7;7;7;7;7;6;1;6;6;6;1;40;1;1;35;2;12;82;29;47;80;29;279;;2025-06-04 00:11:56;;1;0;6;6;0;0;1,36
1512;;;"base";"interview";2025-06-04 04:05:36;5;4;3;6;5;5;3;3;5;5;0;5;7;6;6;2;6;7;6;6;7;4;4;7;6;6;6;6;6;6;6;6;7;6;1;7;6;6;1;50;1;1;44;2;7;273;57;168;70;63;463;;2025-06-04 04:16:14;;1;0;6;6;0;0;0,88
1523;;;"base";"interview";2025-06-04 09:21:51;4;5;5;6;5;6;5;6;5;5;7;7;5;5;6;4;6;5;6;6;6;6;6;7;6;7;7;7;6;6;6;7;6;7;1;5;5;5;1;45;1;1;49;2;8;83;34;74;67;55;321;;2025-06-04 09:27:12;;1;0;6;6;0;0;1,2
1536;;;"base";"interview";2025-06-04 13:52:04;3;3;4;2;6;7;5;5;4;5;3;5;5;6;5;4;6;7;6;3;5;5;6;7;5;3;3;5;5;5;6;7;6;7;1;1;1;1;1;21;2;1;22;2;3;112;37;189;89;24;454;;2025-06-04 13:59:39;;1;0;6;6;0;0;1,36
1549;;;"base";"interview";2025-06-04 20:01:48;4;3;3;6;6;6;6;7;7;6;;;;;;;;;;;;;;;;;;;;;;;;;;;;;;;;;;;25;146;5;;;;176;;2025-06-04 20:04:44;;0;0;3;3;9;7;1,4
1554;;;"base";"interview";2025-06-04 20:50:00;4;4;6;6;4;6;1;6;6;5;3;6;4;4;5;1;7;6;5;6;4;4;5;6;7;6;6;6;7;7;7;7;6;7;1;5;5;6;1;40;1;1;40;2;3;55;31;66;57;37;249;;2025-06-04 20:54:09;;1;0;6;6;0;0;1,67
1555;;;"base";"interview";2025-06-04 20:55:30;3;3;2;6;6;6;5;6;6;6;5;6;6;7;7;3;6;7;6;6;7;6;7;6;7;7;7;7;7;7;7;7;6;6;1;6;6;6;1;25;1;1;36;1;4;65;11;60;47;38;225;;2025-06-04 20:59:15;;1;0;6;6;0;0;2,01
1574;;;"base";"interview";2025-06-05 08:56:09;3;3;4;3;4;7;6;6;6;7;3;6;6;5;6;4;5;5;4;4;3;3;6;7;6;6;6;6;7;6;7;5;5;5;1;6;6;6;1;20;1;1;19;2;14;60;37;74;95;30;310;;2025-06-05 09:01:19;;1;0;6;6;0;0;1,2
1575;;;"base";"interview";2025-06-05 09:44:33;6;4;6;5;6;5;3;4;4;3;4;6;4;3;2;3;4;6;6;6;6;4;4;5;5;4;5;4;6;5;7;7;7;7;1;2;4;3;1;16;1;1;22;1;5;52;21;52;74;35;239;;2025-06-05 09:48:32;;1;0;6;6;0;0;1,74